batch_size,max_tokens,temperature,tokens_per_second,gpu_util,gpu_temp
64,128,0.5,179.65918772818142,79,47
64,128,0.7,178.90754750900106,77,49
64,256,0.5,178.15956627383522,79,50
64,256,0.7,180.07044438849366,80,51
128,128,0.5,180.83430700623177,79,52
128,128,0.7,180.97585241157728,80,53
128,256,0.5,179.45902699920723,79,53
128,256,0.7,179.95906158613553,71,53
