batch_size,max_tokens,temperature,tokens_per_second,gpu_util,gpu_temp
64,128,0.5,222.28281696229848,43,41
64,128,0.7,220.5238632609524,42,41
64,256,0.5,222.6600468766623,43,42
64,256,0.7,222.59645909336422,44,42
128,128,0.5,222.91773274905592,43,42
128,128,0.7,222.4081055266643,44,42
128,256,0.5,223.14561351053607,43,42
128,256,0.7,223.04788572705482,43,42
