batch_size,max_tokens,temperature,tokens_per_second,gpu_util,gpu_temp
64,128,0.5,160.9140544931444,75,48
64,128,0.7,164.35608229102274,74,50
64,256,0.5,164.266188587119,74,52
64,256,0.7,164.46350712563955,74,52
128,128,0.5,163.86483607808728,75,52
128,128,0.7,163.85996373126636,74,52
128,256,0.5,163.81247008186017,75,53
128,256,0.7,163.42027961568425,75,51
