batch_size,max_tokens,temperature,tokens_per_second,gpu_util,gpu_temp
64,128,0.5,517.6585313700506,83,32
64,128,0.7,517.5239567711283,83,33
64,256,0.5,518.9542298835775,83,35
64,256,0.7,521.1460491697228,83,36
128,128,0.5,521.572838076324,83,38
128,128,0.7,521.4573689921955,83,39
128,256,0.5,519.5084689121628,82,40
128,256,0.7,476.96627094303676,83,41
